game_id,game_date,opponent,opponent_tier,weekday,game_type,tickets_sold,tickets_scanned,unsold_seats,sell_through_pct,no_show_pct,avg_ticket_price,ticket_revenue,revenue_rank,sell_through_vs_avg_pts
G01,2025-10-23,Miami Heat,Standard,Thursday,Opening Night,14091,11527,2909,82.9,18.2,100.52,1416426.56,23,-3.1
G02,2025-10-27,Houston Rockets,Standard,Monday,Regular Season,13789,11280,3211,81.1,18.2,98.84,1362903.04,32,-4.8
G03,2025-10-31,Houston Rockets,Standard,Friday,Regular Season,16235,14108,765,95.5,13.1,104.94,1703702.86,13,9.6
G04,2025-11-04,Brooklyn Nets,Value,Tuesday,Regular Season,12484,9295,4516,73.4,25.5,93.22,1163798.06,41,-12.5
G05,2025-11-10,Indiana Pacers,Standard,Monday,Regular Season,13999,11380,3001,82.3,18.7,99.53,1393327.36,27,-3.6
G06,2025-11-14,San Antonio Spurs,Marquee,Friday,Regular Season,16996,15309,4,100.0,9.9,131.22,2230177.25,2,14.0
G07,2025-11-18,Los Angeles Lakers,Marquee,Tuesday,Regular Season,15197,13102,1803,89.4,13.8,118.97,1808010.04,10,3.4
G08,2025-11-21,Milwaukee Bucks,Standard,Friday,Regular Season,15358,13209,1642,90.3,14.0,104.54,1605558.69,15,4.4
G09,2025-11-27,Sacramento Kings,Standard,Thursday,Regular Season,14326,11700,2674,84.3,18.3,99.22,1421486.51,21,-1.7
G10,2025-11-30,LA Clippers,Standard,Sunday,Regular Season,14665,12586,2335,86.3,14.2,105.32,1544468.89,18,0.3
G11,2025-12-04,Dallas Mavericks,Standard,Thursday,Regular Season,14589,11976,2411,85.8,17.9,99.09,1445686.86,20,-0.1
G12,2025-12-10,Oklahoma City Thunder,Marquee,Wednesday,Regular Season,15276,13136,1724,89.9,14.0,120.61,1842392.91,7,3.9
G13,2025-12-13,Orlando Magic,Standard,Saturday,Regular Season,15703,13627,1297,92.4,13.2,104.86,1646665.24,14,6.4
G14,2025-12-18,Oklahoma City Thunder,Marquee,Thursday,Regular Season,15400,13238,1600,90.6,14.0,121.65,1873424.96,6,4.6
G15,2025-12-21,Minnesota Timberwolves,Standard,Sunday,Regular Season,14911,12916,2089,87.7,13.4,105.28,1569814.18,17,1.8
G16,2025-12-25,New Orleans Pelicans,Value,Thursday,City Edition Night,12977,9726,4023,76.3,25.1,92.84,1204734.35,38,-9.6
G17,2025-12-30,Memphis Grizzlies,Standard,Tuesday,Regular Season,13701,11208,3299,80.6,18.2,99.56,1364134.42,31,-5.4
G18,2026-01-03,Utah Jazz,Value,Saturday,Family Night,14763,11941,2237,86.8,19.1,94.96,1401851.46,24,0.9
G19,2026-01-07,Detroit Pistons,Standard,Wednesday,Regular Season,13862,11506,3138,81.5,17.0,99.71,1382190.41,29,-4.4
G20,2026-01-12,Chicago Bulls,Value,Monday,Regular Season,12705,9494,4295,74.7,25.3,92.87,1179930.87,40,-11.2
G21,2026-01-15,Golden State Warriors,Marquee,Thursday,Regular Season,16103,13893,897,94.7,13.7,120.19,1935443.44,5,8.8
G22,2026-01-21,Los Angeles Lakers,Marquee,Wednesday,Regular Season,14863,12793,2137,87.4,13.9,119.88,1781737.43,12,1.5
G23,2026-01-25,Sacramento Kings,Standard,Sunday,Regular Season,14389,12502,2611,84.6,13.1,105.13,1512723.76,19,-1.3
G24,2026-01-29,Minnesota Timberwolves,Standard,Thursday,Regular Season,13877,11331,3123,81.6,18.4,99.77,1384530.69,28,-4.3
G25,2026-02-02,Charlotte Hornets,Value,Monday,College Night,12973,9607,4027,76.3,25.9,92.58,1201035.22,39,-9.6
G26,2026-02-06,Denver Nuggets,Marquee,Friday,Regular Season,16996,15175,4,100.0,10.7,130.68,2220952.83,3,14.0
G27,2026-02-10,San Antonio Spurs,Marquee,Tuesday,Regular Season,14900,12829,2100,87.6,13.9,120.4,1793914.61,11,1.7
G28,2026-02-15,Dallas Mavericks,Standard,Sunday,Regular Season,14962,12880,2038,88.0,13.9,105.29,1575414.92,16,2.1
G29,2026-02-19,Golden State Warriors,Marquee,Thursday,Regular Season,15336,13278,1664,90.2,13.4,119.86,1838136.92,8,4.3
G30,2026-02-23,LA Clippers,Standard,Monday,Regular Season,13459,10901,3541,79.2,19.0,100.07,1346890.48,34,-6.8
G31,2026-02-27,New York Knicks,Marquee,Friday,Regular Season,16475,14713,525,96.9,10.7,128.61,2118892.91,4,11.0
G32,2026-03-03,Boston Celtics,Marquee,Tuesday,Regular Season,15371,13119,1629,90.4,14.6,119.08,1830314.81,9,4.5
G33,2026-03-09,Cleveland Cavaliers,Standard,Monday,Regular Season,14125,11508,2875,83.1,18.5,99.07,1399430.16,26,-2.9
G34,2026-03-12,Portland Trail Blazers,Value,Thursday,Military Appreciation Night,13233,9950,3767,77.8,24.8,92.62,1225670.57,37,-8.1
G35,2026-03-16,Atlanta Hawks,Standard,Monday,Regular Season,14034,11538,2966,82.5,17.8,99.83,1401047.18,25,-3.4
G36,2026-03-21,Utah Jazz,Value,Saturday,Regular Season,14348,11479,2652,84.4,20.0,94.75,1359506.35,33,-1.5
G37,2026-03-24,Philadelphia 76ers,Standard,Tuesday,Throwback Night,14248,11636,2752,83.8,18.3,99.73,1420994.18,22,-2.1
G38,2026-03-30,Memphis Grizzlies,Standard,Monday,Regular Season,13956,11186,3044,82.1,19.9,98.78,1378568.82,30,-3.9
G39,2026-04-03,Washington Wizards,Value,Friday,Regular Season,14028,11353,2972,82.5,19.1,95.1,1334027.05,35,-3.4
G40,2026-04-06,Toronto Raptors,Value,Monday,Kids Day,13313,10034,3687,78.3,24.6,92.33,1229205.53,36,-7.6
G41,2026-04-11,Denver Nuggets,Marquee,Saturday,Fan Appreciation Night,16997,15250,3,100.0,10.3,131.36,2232644.36,1,14.0
